actual_values(kg),predicted_values(kg),residuals(kg),absolute_errors(kg),relative_errors(%)
6.041,5.478706875908796,0.5622931240912044,0.5622931240912044,9.30794775850363
6.12,12.991551145517143,-6.8715511455171425,6.8715511455171425,112.2802474757703
14.48,8.32449279500413,6.155507204995871,6.155507204995871,42.51040887428088
5.6,7.158305014637882,-1.5583050146378827,1.5583050146378827,27.826875261390764
4.59,7.523863320825716,-2.933863320825716,2.933863320825716,63.91859086766266
5.9,8.312837351732524,-2.4128373517325237,2.4128373517325237,40.89554833444955
6.057,6.501478788082044,-0.44447878808204333,0.44447878808204333,7.338266271785426
7.5,6.645764955172139,0.8542350448278606,0.8542350448278606,11.389800597704808
13.61,13.927926306047041,-0.31792630604704186,0.31792630604704186,2.3359757975535773
5.041,8.17697554961339,-3.1359755496133896,3.1359755496133896,62.20939396178118
14.06,20.987518497634692,-6.927518497634692,6.927518497634692,49.27111306994802
5.08,6.333095816910515,-1.2530958169105153,1.2530958169105153,24.667240490364474
19.96,11.99347943993208,7.96652056006792,7.96652056006792,39.9124276556509
12.6,11.521335758805291,1.0786642411947085,1.0786642411947085,8.560827311069115
9.07,16.537379486824925,-7.467379486824925,7.467379486824925,82.33053458461879
4.768,4.8154079651995305,-0.04740796519953072,0.04740796519953072,0.9942945721378087
4.962,12.41723193350675,-7.4552319335067505,7.4552319335067505,150.24651216257055
15.0,10.953336914306327,4.046663085693673,4.046663085693673,26.977753904624485
2.03,5.180610437169174,-3.1506104371691745,3.1506104371691745,155.20248458961453
5.751,5.223814991565796,0.5271850084342047,0.5271850084342047,9.166840696125972
4.5,8.323880251925939,-3.8238802519259387,3.8238802519259387,84.9751167094653
8.0,11.04505474718341,-3.0450547471834106,3.0450547471834106,38.063184339792635
5.0,6.140523829708428,-1.1405238297084281,1.1405238297084281,22.810476594168563
2.95,4.156422471453859,-1.206422471453859,1.206422471453859,40.895676998435896
4.95,6.380122861756508,-1.4301228617565078,1.4301228617565078,28.891370944575918
4.956,4.895404534909824,0.060595465090176326,0.060595465090176326,1.2226687871302728
13.61,11.913123290454521,1.696876709545478,1.696876709545478,12.467867079687569
4.626,7.066029157293543,-2.4400291572935426,2.4400291572935426,52.74598264793649
15.97,9.00819952032857,6.96180047967143,6.96180047967143,43.59298985392254
4.524,8.6925125046324,-4.1685125046324005,4.1685125046324005,92.14218622087535
6.8,11.002932114011589,-4.202932114011589,4.202932114011589,61.80782520605278
3.478,3.693771067856956,-0.21577106785695577,0.21577106785695577,6.203883492149389
7.08,12.755380406952021,-5.675380406952021,5.675380406952021,80.16074021118675
5.045,5.247455183185572,-0.2024551831855721,0.2024551831855721,4.0129867826674355
13.97,14.457042717204812,-0.48704271720481174,0.48704271720481174,3.4863472956679438
14.97,12.12171720617741,2.848282793822591,2.848282793822591,19.026605169155584
5.0,6.124954388912174,-1.1249543889121743,1.1249543889121743,22.499087778243485
7.0,5.985363540169839,1.014636459830161,1.014636459830161,14.4948065690023
4.238,17.281523822518555,-13.043523822518555,13.043523822518555,307.7754559348408
2.987,4.491978209013503,-1.5049782090135029,1.5049782090135029,50.384272146417906
5.952,6.284272110023701,-0.33227211002370094,0.33227211002370094,5.582528730236911
15.88,11.799713499022396,4.080286500977605,4.080286500977605,25.69449937643328
4.654,5.576392248783936,-0.922392248783936,0.922392248783936,19.81934354928956
12.97,12.52788842432941,0.4421115756705909,0.4421115756705909,3.408724561839559
5.827,5.689987731881241,0.13701226811875866,0.13701226811875866,2.351334616762634
4.5,5.011393852343633,-0.511393852343633,0.511393852343633,11.364307829858511
6.055,8.603421582225204,-2.5484215822252043,2.5484215822252043,42.08788740256325
5.351,5.757180480053014,-0.4061804800530142,0.4061804800530142,7.59073967581787
18.14,11.879452474513222,6.260547525486778,6.260547525486778,34.51238988691719
4.824,6.22513062512361,-1.40113062512361,1.40113062512361,29.044996374867537
4.87,6.141569901826371,-1.2715699018263713,1.2715699018263713,26.110264924566145
2.015,4.054011226531033,-2.039011226531033,2.039011226531033,101.19162414546068
9.53,9.896257689713869,-0.3662576897138692,0.3662576897138692,3.8432076570185645
5.0,7.702333104637452,-2.702333104637452,2.702333104637452,54.046662092749045
7.0,8.636811064323817,-1.6368110643238172,1.6368110643238172,23.38301520462596
17.24,9.202443272461853,8.037556727538146,8.037556727538146,46.6215587444208
4.716,5.647102753181708,-0.9311027531817082,0.9311027531817082,19.74348501233478
4.586,4.67745285860564,-0.09145285860563934,0.09145285860563934,1.994174849665053
4.543,5.29447440782766,-0.7514744078276596,0.7514744078276596,16.541369311636796
8.48,9.491410707021675,-1.0114107070216747,1.0114107070216747,11.92701305450088
4.904,3.9499871407878304,0.9540128592121695,0.9540128592121695,19.453769559791382
4.514,6.292595099124209,-1.7785950991242085,1.7785950991242085,39.40175230669492
5.094,6.3347137206017585,-1.2407137206017582,1.2407137206017582,24.356374570116966
4.3,4.910395862352373,-0.6103958623523731,0.6103958623523731,14.195252612845884
5.652,6.085283590301941,-0.43328359030194097,0.43328359030194097,7.666022475264349
11.5,8.216640318701094,3.283359681298906,3.283359681298906,28.550953750425272
6.028,5.604763918012061,0.4232360819879384,0.4232360819879384,7.0211692433301
5.358,5.073449526393542,0.28455047360645747,0.28455047360645747,5.310759119194802
3.44,5.662686111337815,-2.2226861113378154,2.2226861113378154,64.61296835284347
4.846,5.690137280765389,-0.8441372807653886,0.8441372807653886,17.41925878591392
7.5,6.613748937475051,0.8862510625249493,0.8862510625249493,11.816680833665991
5.097,5.577067512524056,-0.4800675125240552,0.4800675125240552,9.418628850776049
8.05,13.261146377396543,-5.211146377396542,5.211146377396542,64.73473760741045
2.184,4.914800673552179,-2.730800673552179,2.730800673552179,125.03666087693126
7.71,8.912576092003112,-1.2025760920031123,1.2025760920031123,15.597614682271235
14.86,8.718207908584647,6.141792091415352,6.141792091415352,41.33103695434288
4.969,5.329491726333614,-0.36049172633361337,0.36049172633361337,7.2548143758022405
7.0,6.267686871441383,0.7323131285586166,0.7323131285586166,10.461616122265951
4.841,11.528853964069048,-6.687853964069048,6.687853964069048,138.1502574688917
7.0,5.931373636613708,1.0686263633862918,1.0686263633862918,15.266090905518453
5.0,5.127079504209868,-0.1270795042098678,0.1270795042098678,2.541590084197356
5.236,9.88135085933601,-4.64535085933601,4.64535085933601,88.71945873445397
5.959,6.469840460827774,-0.5108404608277741,0.5108404608277741,8.572587025134656
6.99,8.674804953966264,-1.684804953966264,1.684804953966264,24.10307516403811
5.0,9.083865874458914,-4.083865874458914,4.083865874458914,81.67731748917826
2.493,4.02239480291474,-1.5293948029147404,1.5293948029147404,61.34756529942802
5.607,8.648443276830994,-3.041443276830994,3.041443276830994,54.24368248316379
4.912,4.858000369442823,0.05399963055717727,0.05399963055717727,1.09934101297185
11.34,14.290658531801782,-2.950658531801782,2.950658531801782,26.019916506188558
5.85,8.114951257954209,-2.264951257954209,2.264951257954209,38.71711552058477
12.19,15.166425687593687,-2.9764256875936876,2.9764256875936876,24.416945755485546
5.9,5.963344015246216,-0.06334401524621569,0.06334401524621569,1.073627377054503
5.841,9.51401059689861,-3.6730105968986093,3.6730105968986093,62.883249390491514
4.912,4.8401369846701225,0.07186301532987738,0.07186301532987738,1.4630092697450607
5.99,6.239807945151623,-0.2498079451516224,0.2498079451516224,4.1704164466047144
6.5,6.462656080771803,0.037343919228196576,0.037343919228196576,0.5745218342799474
5.691,8.23443954147227,-2.54343954147227,2.54343954147227,44.69231315185855
4.911,7.170309226620011,-2.2593092266200117,2.2593092266200117,46.005074864997184
4.907,5.789061644008338,-0.8820616440083375,0.8820616440083375,17.975578642925157
4.0,4.242296871068365,-0.24229687106836462,0.24229687106836462,6.057421776709115
8.2,6.222487575977291,1.9775124240227084,1.9775124240227084,24.11600517100864
5.083,5.000633046657964,0.08236695334203592,0.08236695334203592,1.620439766713278
6.58,13.566913321899685,-6.986913321899685,6.986913321899685,106.18409303798913
10.88,13.9228838631302,-3.0428838631302,3.0428838631302,27.967682565534922
7.26,21.325727444764844,-14.065727444764844,14.065727444764844,193.7428022694882
8.93,13.029421653069983,-4.099421653069983,4.099421653069983,45.90617752597966
7.0,6.291373784293712,0.7086262157062881,0.7086262157062881,10.123231652946973
9.07,12.724439172928179,-3.6544391729281784,3.6544391729281784,40.29150135532721
5.891,5.288175448807441,0.6028245511925592,0.6028245511925592,10.23297489717466
10.21,12.942419667829308,-2.7324196678293067,2.7324196678293067,26.762190674136203
1.478,3.674740229778692,-2.196740229778692,2.196740229778692,148.62924423401165
1.977,4.863109671347619,-2.8861096713476186,2.8861096713476186,145.98430305248448
5.9,6.867160097258973,-0.9671600972589722,0.9671600972589722,16.392544021338512
18.14,13.86219358648455,4.277806413515451,4.277806413515451,23.582174275167866
5.988,6.10167667877004,-0.11367667877003917,0.11367667877003917,1.8984081290921704
3.048,5.766130408526003,-2.7181304085260027,2.7181304085260027,89.17750684140428
11.57,10.26282208955755,1.3071779104424497,1.3071779104424497,11.29799404012489
8.0,26.846996729866515,-18.846996729866515,18.846996729866515,235.58745912333143
11.02,13.534074795427319,-2.5140747954273195,2.5140747954273195,22.81374587502105
5.726,5.38870711822268,0.3372928817773202,0.3372928817773202,5.890549804004894
11.02,8.050107280587577,2.9698927194124227,2.9698927194124227,26.950024677063727
5.98,7.401703427170246,-1.4217034271702458,1.4217034271702458,23.77430480217802
2.996,4.49547556066643,-1.4994755606664296,1.4994755606664296,50.04925102357909
5.9,5.7658722557544015,0.1341277442455988,0.1341277442455988,2.273351597383031
6.11,5.870488165750253,0.23951183424974776,0.23951183424974776,3.919997287229914
4.669,2.4180175135049895,2.25098248649501,2.25098248649501,48.211233379631835
4.993,4.609308877121151,0.3836911228788491,0.3836911228788491,7.684580870796095
5.9,12.633953174325462,-6.733953174325462,6.733953174325462,114.13479956483835
2.682,2.8048672776658856,-0.12286727766588568,0.12286727766588568,4.58118112102482
4.54,8.872955325066057,-4.332955325066057,4.332955325066057,95.43954460497922
4.5,4.955726903916661,-0.45572690391666093,0.45572690391666093,10.127264531481355
9.0,10.938223418301591,-1.9382234183015914,1.9382234183015914,21.53581575890657
8.18,16.566686116680852,-8.386686116680853,8.386686116680853,102.5267251427977
6.0,5.396260945347158,0.6037390546528423,0.6037390546528423,10.06231757754737
7.0,7.398627781650588,-0.3986277816505881,0.3986277816505881,5.694682595008401
5.0,5.127079504209868,-0.1270795042098678,0.1270795042098678,2.541590084197356
15.0,9.945993933331962,5.0540060666680375,5.0540060666680375,33.69337377778692
5.5,5.321635048911273,0.17836495108872708,0.17836495108872708,3.2429991107041283
8.39,10.91842813103245,-2.528428131032449,2.528428131032449,30.136211335309284
5.864,8.859932621396782,-2.995932621396782,2.995932621396782,51.090256162973766
4.904,4.98530599975109,-0.08130599975109032,0.08130599975109032,1.6579526866046148
5.078,5.063633490251451,0.014366509748549028,0.014366509748549028,0.2829166945362156
5.246,15.574004813378368,-10.328004813378367,10.328004813378367,196.8739003693932
15.0,10.197510261148956,4.802489738851044,4.802489738851044,32.01659825900696
8.16,12.633891796653579,-4.473891796653579,4.473891796653579,54.8271053511468
6.35,12.367980319684058,-6.017980319684058,6.017980319684058,94.77134361707179
5.938,5.582619876832375,0.3553801231676248,0.3553801231676248,5.9848454558374
5.089,6.094186074101555,-1.0051860741015544,1.0051860741015544,19.752133505630855
15.0,23.827124184131407,-8.827124184131407,8.827124184131407,58.847494560876044
11.79,12.87943888047972,-1.0894388804797206,1.0894388804797206,9.240363702118072
5.046,4.856528029916661,0.18947197008333916,0.18947197008333916,3.754894373431216
17.96,11.962414820300943,5.997585179699058,5.997585179699058,33.394126835740856
5.951,5.717997951065301,0.2330020489346989,0.2330020489346989,3.9153427816282798
5.096,5.292702116960404,-0.19670211696040418,0.19670211696040418,3.859931651499297
9.07,9.128665843580897,-0.058665843580897103,0.058665843580897103,0.6468119468676637
15.29,12.622854874906498,2.6671451250935014,2.6671451250935014,17.44372220466646
4.491,5.48488312879234,-0.9938831287923406,0.9938831287923406,22.130552856654212
5.088,5.007260638129946,0.08073936187005426,0.08073936187005426,1.586858527320249
7.0,8.328451824812822,-1.3284518248128219,1.3284518248128219,18.97788321161174
3.979,4.993595671512577,-1.014595671512577,1.014595671512577,25.498760279280646
6.112,5.552516635977403,0.5594833640225971,0.5594833640225971,9.153850851155058
6.0,5.396260945347158,0.6037390546528423,0.6037390546528423,10.06231757754737
11.79,14.832153728153028,-3.0421537281530284,3.0421537281530284,25.802830603503214
5.973,11.014246769385585,-5.041246769385585,5.041246769385585,84.40058210925137
12.19,12.248185651543897,-0.058185651543897876,0.058185651543897876,0.47732281824362494
5.651,11.525925487497162,-5.874925487497162,5.874925487497162,103.96258162267142
2.982,5.226309226152364,-2.244309226152364,2.244309226152364,75.2618788112798
5.902,4.980753516716791,0.921246483283209,0.921246483283209,15.609055968878499
4.919,5.6110781560828675,-0.6920781560828679,0.6920781560828679,14.06948884087961
5.838,8.047863943647243,-2.2098639436472434,2.2098639436472434,37.85309941156635
5.466,6.211261773290733,-0.745261773290733,0.745261773290733,13.634500060203674
9.98,13.210764673020575,-3.230764673020575,3.230764673020575,32.372391513232216
10.52,14.574369176316788,-4.054369176316788,4.054369176316788,38.539630953581636
5.052,5.253384186903935,-0.201384186903935,0.201384186903935,3.98622697751257
6.038,5.922205633003919,0.1157943669960817,0.1157943669960817,1.9177603013594187
5.001,5.741014285379674,-0.7400142853796741,0.7400142853796741,14.79732624234501
9.3,12.539192572952366,-3.2391925729523656,3.2391925729523656,34.830027666154464
14.51,9.164749327620836,5.345250672379164,5.345250672379164,36.838391952992176
4.554,5.394663918676807,-0.8406639186768068,0.8406639186768068,18.459901595889473
1.974,4.0601887692029255,-2.0861887692029253,2.0861887692029253,105.68332164148558
15.57,4.666633470895396,10.903366529104606,10.903366529104606,70.02804450291976
7.0,6.674717694629286,0.3252823053707141,0.3252823053707141,4.646890076724487
8.0,8.785529390882376,-0.7855293908823757,0.7855293908823757,9.819117386029696
12.36,12.175995568977143,0.18400443102285635,0.18400443102285635,1.4887089888580611
7.0,8.032606727793025,-1.0326067277930253,1.0326067277930253,14.751524682757506
8.0,8.037216805888214,-0.037216805888213855,0.037216805888213855,0.4652100736026732
5.019,4.879783581492285,0.13921641850771493,0.13921641850771493,2.7737879758460835
15.88,14.498754089438622,1.381245910561379,1.381245910561379,8.698022106809692
5.9,9.19074028839466,-3.290740288394659,3.290740288394659,55.7752591253332
5.067,6.29544306159512,-1.2284430615951196,1.2284430615951196,24.243991742552193
16.5,10.416847570200156,6.083152429799844,6.083152429799844,36.86759048363542
13.15,9.808981310744237,3.3410186892557636,3.3410186892557636,25.406986230081852
11.97,9.372204399194837,2.5977956008051635,2.5977956008051635,21.702553056016402
4.587,5.964559577942058,-1.3775595779420584,1.3775595779420584,30.03181988101283
5.381,6.194458787413584,-0.8134587874135839,0.8134587874135839,15.117241914394794
12.7,7.5951524441399,5.1048475558601,5.1048475558601,40.19565004614252
8.0,6.267753464045304,1.7322465359546957,1.7322465359546957,21.653081699433695
7.48,10.525464901140742,-3.0454649011407415,3.0454649011407415,40.71477140562488
4.517,6.264266297891636,-1.7472662978916356,1.7472662978916356,38.68200792321531
5.5,7.451326322113899,-1.951326322113899,1.951326322113899,35.47866040207089
9.98,11.809789962658327,-1.8297899626583263,1.8297899626583263,18.334568764111488
9.48,13.389016667514744,-3.9090166675147433,3.9090166675147433,41.23435303285594
13.64,16.636808325174787,-2.9968083251747863,2.9968083251747863,21.970735521809285
4.939,4.452511556990123,0.48648844300987726,0.48648844300987726,9.849938105079517
7.0,6.4756232606140465,0.5243767393859535,0.5243767393859535,7.4910962769421925
5.043,5.493202070394713,-0.45020207039471316,0.45020207039471316,8.927266912447216
7.26,8.375514036505441,-1.1155140365054415,1.1155140365054415,15.36520711440002
10.88,14.086399038575376,-3.206399038575375,3.206399038575375,29.470579398670726
5.893,5.55703479230888,0.33596520769112015,0.33596520769112015,5.70108955864789
5.929,5.6777469121583986,0.2512530878416017,0.2512530878416017,4.237697551722073
5.817,9.333611465886753,-3.5166114658867524,3.5166114658867524,60.45403929666069
9.98,8.83792251933464,1.1420774806653604,1.1420774806653604,11.443662130915435
9.78,23.582593406346902,-13.802593406346903,13.802593406346903,141.13081192583746
15.42,12.050367643432764,3.3696323565672355,3.3696323565672355,21.85234991288739
5.9,5.396260945347158,0.5037390546528426,0.5037390546528426,8.537950078861739
3.1,5.220332477824648,-2.120332477824648,2.120332477824648,68.39782186531123
16.33,9.65854972878634,6.671450271213658,6.671450271213658,40.85395144650128
5.954,5.2116525226235,0.7423474773764998,0.7423474773764998,12.468046311328514
5.935,5.645478786259291,0.2895212137407084,0.2895212137407084,4.87820073699593
3.0,4.839807377212277,-1.839807377212277,1.839807377212277,61.32691257374256
20.41,16.949223551319026,3.4607764486809742,3.4607764486809742,16.956278533468762
9.07,12.35857970631764,-3.2885797063176394,3.2885797063176394,36.25776963966526
33.0,8.67748168241282,24.322518317587182,24.322518317587182,73.7046009623854
5.65,5.249379487582178,0.40062051241782193,0.40062051241782193,7.090628538368529
4.962,4.289729038930306,0.6722709610696933,0.6722709610696933,13.548386962307404
2.673,5.385243820735845,-2.7122438207358446,2.7122438207358446,101.46815640612961
10.0,8.4620543708411,1.5379456291588998,1.5379456291588998,15.379456291588998
4.909,6.912592269259488,-2.003592269259488,2.003592269259488,40.8146724232937
4.578,5.208998182947152,-0.6309981829471516,0.6309981829471516,13.783271798758227
6.001,6.4352385752025745,-0.43423857520257414,0.43423857520257414,7.236103569447994
4.916,6.49497796649835,-1.5789779664983499,1.5789779664983499,32.119161238778474
5.488,4.968255950278832,0.5197440497211687,0.5197440497211687,9.47055484185803
6.5,6.509509485216821,-0.009509485216820934,0.009509485216820934,0.14629977256647592
23.59,11.941514539612706,11.648485460387294,11.648485460387294,49.37891250694062
5.9,7.682462548768371,-1.782462548768371,1.782462548768371,30.21122964014188
4.589,9.763254785481813,-5.174254785481812,5.174254785481812,112.75342744567034
6.5,6.533069672873463,-0.03306967287346296,0.03306967287346296,0.5087641980532764
8.0,8.8040572163078,-0.8040572163078004,0.8040572163078004,10.050715203847504
5.836,5.073988104002034,0.7620118959979667,0.7620118959979667,13.057092117854124
5.014,5.136019375902978,-0.12201937590297796,0.12201937590297796,2.433573512225328
150.14,10.748553499681412,139.39144650031858,139.39144650031858,92.84097941942093
4.752,11.896934708105901,-7.144934708105901,7.144934708105901,150.35637012007368
4.729,6.060829677187782,-1.3318296771877822,1.3318296771877822,28.163029756561265
13.64,22.264198371380303,-8.624198371380302,8.624198371380302,63.22726078724562
4.693,6.622802792202832,-1.9298027922028327,1.9298027922028327,41.12087773711555
5.0,6.133413205113388,-1.1334132051133876,1.1334132051133876,22.668264102267752
5.066,5.891318527434237,-0.825318527434237,0.825318527434237,16.29132505792019
12.7,10.220954417587954,2.479045582412045,2.479045582412045,19.520043956000354
5.788,8.667999459509883,-2.8799994595098823,2.8799994595098823,49.75811091067523
4.911,4.861093383907271,0.04990661609272884,0.04990661609272884,1.0162210566631815
5.361,6.0459719428669105,-0.6849719428669108,0.6849719428669108,12.776943534171064
5.712,5.386450985572534,0.325549014427466,0.325549014427466,5.699387507483649
5.964,5.162568962864359,0.8014310371356412,0.8014310371356412,13.437810817163667
5.815,5.607289438312969,0.20771056168703161,0.20771056168703161,3.5719787048500704
3.057,4.780146225996113,-1.7231462259961128,1.7231462259961128,56.36723016016071
4.972,5.342484863200098,-0.37048486320009744,0.37048486320009744,7.451425245376055
2.933,4.13269626387546,-1.1996962638754605,1.1996962638754605,40.90338438034301
5.704,6.239538859457776,-0.5355388594577759,0.5355388594577759,9.388829934392987
3.485,4.407451803220185,-0.9224518032201847,0.9224518032201847,26.469205257394112
1.521,3.9658722452095634,-2.4448722452095635,2.4448722452095635,160.74110750884705
5.939,4.808754881135506,1.1302451188644937,1.1302451188644937,19.03089945890712
8.5,9.591725847048075,-1.0917258470480746,1.0917258470480746,12.843833494683231
1.976,5.657678451136194,-3.681678451136194,3.681678451136194,186.31975967288432
14.51,21.843311398318523,-7.333311398318523,7.333311398318523,50.53970639778444
9.53,13.786808128453595,-4.256808128453596,4.256808128453596,44.66745150528432
15.42,10.156726817687755,5.263273182312245,5.263273182312245,34.13277031330899
5.288,7.054096297385537,-1.7660962973855368,1.7660962973855368,33.39819019261605
4.6,6.205549104836832,-1.6055491048368324,1.6055491048368324,34.90324140949636
2.858,4.096847643903154,-1.2388476439031542,1.2388476439031542,43.34666353754913
6.013,5.000127334349544,1.0128726656504563,1.0128726656504563,16.844714213378616
4.029,4.132109084512675,-0.10310908451267498,0.10310908451267498,2.5591731077854303
11.79,11.180672729842179,0.6093272701578201,0.6093272701578201,5.1681702303462265
15.0,16.946535825281167,-1.9465358252811669,1.9465358252811669,12.976905501874445
10.7,11.645066513291317,-0.9450665132913176,0.9450665132913176,8.832397320479604
5.983,5.788013784659223,0.19498621534077643,0.19498621534077643,3.2590041006313966
4.76,10.783086465987816,-6.0230864659878165,6.0230864659878165,126.53542995772725
17.24,12.762098295368627,4.477901704631371,4.477901704631371,25.97390779948591
4.998,6.594050742234228,-1.5960507422342278,1.5960507422342278,31.933788360028565
4.617,7.38657068514834,-2.7695706851483397,2.7695706851483397,59.986369615515265
2.516,8.273923366948386,-5.757923366948386,5.757923366948386,228.85228008538894
6.39,8.397634682202865,-2.0076346822028652,2.0076346822028652,31.418383133065188
24.04,15.09692235068473,8.943077649315269,8.943077649315269,37.20082216853273
5.097,5.357768507733565,-0.2607685077335642,0.2607685077335642,5.116117475643794
15.0,9.758393212359293,5.241606787640707,5.241606787640707,34.944045250938046
3.475,4.529019964365725,-1.0540199643657249,1.0540199643657249,30.33150976592014
6.0,5.333364953283666,0.6666350467163342,0.6666350467163342,11.110584111938904
5.419,5.281038073523519,0.1379619264764802,0.1379619264764802,2.545892719625027
4.985,7.650081798761421,-2.6650817987614204,2.6650817987614204,53.46202204135246
8.0,6.280780521981412,1.719219478018588,1.719219478018588,21.49024347523235
4.986,6.991153313027764,-2.0051533130277646,2.0051533130277646,40.21567013693872
5.888,5.814638080664653,0.07336191933534675,0.07336191933534675,1.2459565104508619
5.01,5.287755458346811,-0.27775545834681115,0.27775545834681115,5.544021124686849
2.035,4.149980004315415,-2.1149800043154148,2.1149800043154148,103.93022134228083
113.4,18.88374094458684,94.51625905541317,94.51625905541317,83.34767112470297
5.412,7.094250049166123,-1.6822500491661234,1.6822500491661234,31.083703790948324
5.548,12.637654721497944,-7.0896547214979435,7.0896547214979435,127.787576090446
5.76,10.62738804506067,-4.86738804506067,4.86738804506067,84.50326467119218
7.5,8.001066013601147,-0.5010660136011467,0.5010660136011467,6.6808801813486225
3.419,5.272369439502544,-1.853369439502544,1.853369439502544,54.20793914894835
3.032,4.747145279775747,-1.7151452797757472,1.7151452797757472,56.5681160875906
3.017,4.4755779190090195,-1.4585779190090196,1.4585779190090196,48.34530722601988
4.54,12.403580776845244,-7.863580776845244,7.863580776845244,173.20662504064416
13.97,6.197638249293374,7.772361750706627,7.772361750706627,55.63608984041966
9.0,9.866128547839246,-0.8661285478392458,0.8661285478392458,9.623650531547174
16.1,9.906979919900394,6.193020080099608,6.193020080099608,38.465963230432344
3.955,4.9977606401604895,-1.0427606401604894,1.0427606401604894,26.365629334019957
15.42,13.675165889719699,1.7448341102803013,1.7448341102803013,11.315396305319723
7.0,5.590537220061229,1.409462779938771,1.409462779938771,20.13518257055387
5.059,4.894687555685539,0.16431244431446146,0.16431244431446146,3.247923390283879
6.3,7.097662175436628,-0.7976621754366278,0.7976621754366278,12.661304372009965
5.911,7.051361466266803,-1.1403614662668033,1.1403614662668033,19.29219195173073
4.5,5.257232176430216,-0.7572321764302163,0.7572321764302163,16.82738169844925
5.919,6.637207458247887,-0.7182074582478872,0.7182074582478872,12.133932391415565
5.489,10.423109658964766,-4.934109658964766,4.934109658964766,89.89086644133295
20.5,16.134844018013,4.365155981987002,4.365155981987002,21.29344381457074
3.975,4.728822264919755,-0.7538222649197546,0.7538222649197546,18.96408213634603
4.414,5.480869247648782,-1.066869247648782,1.066869247648782,24.170123417507522
4.75,8.517918431082807,-3.7679184310828067,3.7679184310828067,79.32459854911173
4.904,5.213502885627544,-0.3095028856275439,0.3095028856275439,6.311233393710112
5.396,6.706980088496085,-1.310980088496085,1.310980088496085,24.295405642996386
5.421,5.422871320958515,-0.0018713209585143886,0.0018713209585143886,0.03451984797111951
4.0,7.634511357057446,-3.6345113570574457,3.6345113570574457,90.86278392643614
5.44,8.713154299359939,-3.2731542993599385,3.2731542993599385,60.168277561763574
9.48,9.778798389837402,-0.29879838983740115,0.29879838983740115,3.1518817493396742
5.612,7.13195135213925,-1.51995135213925,1.51995135213925,27.083951392360124
10.0,4.666633470895396,5.333366529104604,5.333366529104604,53.33366529104604
4.589,8.134481398812456,-3.5454813988124556,3.5454813988124556,77.26043579892035
11.11,11.44905905158575,-0.33905905158575145,0.33905905158575145,3.051836647936557
11.57,11.882816720536054,-0.3128167205360537,0.3128167205360537,2.703688163665114
5.0,5.7715420757433025,-0.7715420757433025,0.7715420757433025,15.430841514866051
5.724,6.170453585714958,-0.4464535857149574,0.4464535857149574,7.799678296907013
10.0,6.442325186952027,3.5576748130479734,3.5576748130479734,35.576748130479736
10.0,9.4903527474878,0.5096472525122007,0.5096472525122007,5.096472525122007
15.42,9.280460605058051,6.139539394941949,6.139539394941949,39.81543057679603
5.896,6.948869590515349,-1.052869590515349,1.052869590515349,17.857353977533055
5.091,4.624186719978336,0.4668132800216638,0.4668132800216638,9.16938283287495
6.9,6.175491447732862,0.724508552267138,0.724508552267138,10.50012394590055
3.5,6.733856964660195,-3.2338569646601947,3.2338569646601947,92.39591327600556
8.0,7.680307288361129,0.31969271163887125,0.31969271163887125,3.9961588954858906
5.88,5.7109100497866905,0.16908995021330941,0.16908995021330941,2.8756794253964184
4.679,5.953661494339658,-1.2746614943396581,1.2746614943396581,27.242177694799274
5.9,11.209400573868722,-5.3094005738687216,5.3094005738687216,89.98984023506307
5.78,6.708532413163941,-0.928532413163941,0.928532413163941,16.064574622213513
7.0,5.322060255490435,1.6779397445095654,1.6779397445095654,23.970567778708077
4.972,5.4027469957002445,-0.4307469957002441,0.4307469957002441,8.66345526348037
13.97,9.703039201214951,4.26696079878505,4.26696079878505,30.543742296242304
4.052,4.52569953343863,-0.47369953343863,0.47369953343863,11.690511684072806
18.14,14.900246578896956,3.2397534211030443,3.2397534211030443,17.859721174768712
1.63,4.5911003646834025,-2.9611003646834027,2.9611003646834027,181.66259906033147
6.35,12.886451775311269,-6.536451775311269,6.536451775311269,102.93624843009871
18.6,18.413625896319708,0.1863741036802935,0.1863741036802935,1.0020113101091048
6.118,4.947659119557576,1.1703408804424242,1.1703408804424242,19.129468460974568
7.0,9.340024409247565,-2.3400244092475653,2.3400244092475653,33.428920132108075
4.778,5.881650362714664,-1.1036503627146645,1.1036503627146645,23.09858440173011
7.5,5.761702422882298,1.7382975771177023,1.7382975771177023,23.17730102823603
1.178,5.599781767779716,-4.421781767779716,4.421781767779716,375.3634777402136
6.012,5.445621562618664,0.5663784373813359,0.5663784373813359,9.42079902497232
5.9,8.252647922893704,-2.352647922893704,2.352647922893704,39.8753885236221
4.433,4.814391717280678,-0.3813917172806782,0.3813917172806782,8.603467567802351
5.757,5.091114841155509,0.6658851588444907,0.6658851588444907,11.566530464556033
2.213,4.660772271883166,-2.4477722718831663,2.4477722718831663,110.60877866620724
17.24,13.399615993409588,3.8403840065904102,3.8403840065904102,22.2760093189699
4.117,4.8346685732463595,-0.7176685732463595,0.7176685732463595,17.431833209773124
2.0,4.844622588912056,-2.844622588912056,2.844622588912056,142.23112944560282
7.26,9.516507217853956,-2.2565072178539562,2.2565072178539562,31.08136663710684
7.0,7.19754883126218,-0.19754883126218026,0.19754883126218026,2.8221261608882893
5.984,9.151446405126364,-3.1674464051263644,3.1674464051263644,52.93192521935769
6.74,8.415792577096244,-1.675792577096244,1.675792577096244,24.86339135157632
8.48,10.243135512165832,-1.7631355121658316,1.7631355121658316,20.791692360446127
4.546,5.590106038380102,-1.044106038380102,1.044106038380102,22.967576735154026
4.75,11.797733400716817,-7.047733400716817,7.047733400716817,148.373334751933
6.35,9.154853924685497,-2.8048539246854975,2.8048539246854975,44.170927947803115
8.0,8.8040572163078,-0.8040572163078004,0.8040572163078004,10.050715203847504
4.691,5.991114421696651,-1.3001144216966516,1.3001144216966516,27.71508040282779
8.05,12.331289293447645,-4.281289293447644,4.281289293447644,53.18371793102663
4.036,4.824562727057571,-0.7885627270575712,0.7885627270575712,19.53822415900821
4.934,5.617484361551617,-0.6834843615516171,0.6834843615516171,13.85254076918559
4.983,5.393753726255294,-0.4107537262552947,0.4107537262552947,8.243101068739609
3.464,5.064373455745852,-1.6003734557458524,1.6003734557458524,46.20015749843685
4.446,4.360054664582318,0.08594533541768179,0.08594533541768179,1.9330934641853754
4.547,5.737228305118615,-1.190228305118615,1.190228305118615,26.17612283084705
5.903,7.391219671849097,-1.4882196718490972,1.4882196718490972,25.211242958649795
3.968,5.563872434547088,-1.595872434547088,1.595872434547088,40.218559338384274
5.786,5.6265386516986915,0.1594613483013081,0.1594613483013081,2.7559859713326667
4.068,4.6705252287378025,-0.6025252287378029,0.6025252287378029,14.811337972905678
6.002,6.733052136048943,-0.7310521360489428,0.7310521360489428,12.18014222007569
7.0,7.612983449643505,-0.6129834496435054,0.6129834496435054,8.756906423478648
2.1,5.127079504209868,-3.0270795042098677,3.0270795042098677,144.14664305761272
5.0,4.8469478114588505,0.15305218854114955,0.15305218854114955,3.061043770822991
5.072,4.586389216104174,0.4856107838958259,0.4856107838958259,9.574345108356189
6.013,6.257092144934278,-0.2440921449342781,0.2440921449342781,4.059407033665028
5.026,4.904357283584825,0.12164271641517477,0.12164271641517477,2.4202689298681808
4.81,9.015077999790087,-4.205077999790087,4.205077999790087,87.42365903929496
4.75,8.618945393127895,-3.8689453931278948,3.8689453931278948,81.45148196058726
14.97,12.188086020617657,2.7819139793823435,2.7819139793823435,18.583259715312916
4.99,3.905277026534868,1.0847229734651322,1.0847229734651322,21.73793533998261
17.51,7.6943188773005025,9.815681122699498,9.815681122699498,56.05757351627354
5.29,12.511969603081695,-7.221969603081695,7.221969603081695,136.52116451950275
5.746,6.29376205756264,-0.5477620575626396,0.5477620575626396,9.532928255528013
4.835,9.707719059038732,-4.872719059038732,4.872719059038732,100.78012531620956
8.0,7.202423439102578,0.7975765608974221,0.7975765608974221,9.969707011217777
5.085,5.5402568334122755,-0.4552568334122755,0.4552568334122755,8.952936743604239
4.08,6.052530478234279,-1.9725304782342787,1.9725304782342787,48.34633525084017
8.62,11.828418897541303,-3.2084188975413035,3.2084188975413035,37.22063686242812
4.761,4.297264139335402,0.46373586066459804,0.46373586066459804,9.740303731665575
6.75,12.516017380922833,-5.766017380922833,5.766017380922833,85.4224797173753
13.64,13.739458646608362,-0.09945864660836179,0.09945864660836179,0.7291689634044118
5.507,5.775014392144026,-0.26801439214402656,0.26801439214402656,4.86679484554252
5.393,6.150604360095795,-0.7576043600957956,0.7576043600957956,14.047920639640193
1.96,5.329338099958372,-3.369338099958372,3.369338099958372,171.90500509991696
4.929,5.569948670096597,-0.6409486700965967,0.6409486700965967,13.003624875159195
5.0,5.127079504209868,-0.1270795042098678,0.1270795042098678,2.541590084197356
5.0,7.012792449539202,-2.0127924495392024,2.0127924495392024,40.255848990784045
5.66,5.266079062271661,0.393920937728339,0.393920937728339,6.95973388212613
6.0,5.863177096633815,0.13682290336618497,0.13682290336618497,2.280381722769749
4.959,4.7560656833313555,0.20293431666864414,0.20293431666864414,4.092242723707283
4.54,5.854216360009972,-1.314216360009972,1.314216360009972,28.94749691651921
15.88,14.244934177284627,1.635065822715374,1.635065822715374,10.296384274026284
5.603,5.832354149350661,-0.22935414935066145,0.22935414935066145,4.093416907918284
4.72,7.888454937286022,-3.1684549372860227,3.1684549372860227,67.12828256961913
2.974,3.7169572039345216,-0.7429572039345214,0.7429572039345214,24.981748619183637
5.44,6.431257714825316,-0.9912577148253154,0.9912577148253154,18.221649169583003
4.986,5.817609702258708,-0.8316097022587083,0.8316097022587083,16.678894951037073
4.903,5.428910208824774,-0.525910208824774,0.525910208824774,10.726294285636836
5.899,5.738234715693853,0.16076528430614712,0.16076528430614712,2.725297242009614
5.522,11.348725818942738,-5.826725818942737,5.826725818942737,105.51839585191483
5.345,7.69741555022696,-2.3524155502269606,2.3524155502269606,44.01151637468589
4.663,6.107416284137292,-1.4444162841372918,1.4444162841372918,30.976115894001538
9.07,11.455973254302503,-2.3859732543025025,2.3859732543025025,26.306210080512706
3.2,6.733856964660195,-3.5338569646601945,3.5338569646601945,110.43303014563107
3.935,5.396173269153357,-1.4611732691533565,1.4611732691533565,37.13273873324921
4.978,9.557726306697928,-4.579726306697928,4.579726306697928,91.99932315584428
5.099,6.082529358058991,-0.9835293580589912,0.9835293580589912,19.288671466150053
4.0,5.973171975618616,-1.973171975618616,1.973171975618616,49.329299390465394
9.98,11.835159927907362,-1.855159927907362,1.855159927907362,18.5887768327391
3.978,3.5544316935355598,0.42356830646444044,0.42356830646444044,10.647770398804434
11.97,6.375922106508744,5.5940778934912565,5.5940778934912565,46.73415115698627
15.27,13.905519691513794,1.3644803084862058,1.3644803084862058,8.93569291739493
4.071,5.777333500010928,-1.7063335000109285,1.7063335000109285,41.914357651951086
4.076,4.219213258413844,-0.14321325841384436,0.14321325841384436,3.5135735626556515
4.224,4.5316469500329575,-0.3076469500329573,0.3076469500329573,7.283308476159026
5.989,6.86093032576611,-0.87193032576611,0.87193032576611,14.55886334556871
5.052,8.542285541109027,-3.490285541109028,3.490285541109028,69.08720390160387
2.508,4.3152418385739875,-1.8072418385739875,1.8072418385739875,72.05908447264703
7.0,6.023143019009007,0.976856980990993,0.976856980990993,13.955099728442757
4.79,6.254012859392571,-1.4640128593925708,1.4640128593925708,30.563942784813587
10.52,10.967172056559509,-0.4471720565595092,0.4471720565595092,4.2506849482843085
5.533,6.335632622025316,-0.8026326220253157,0.8026326220253157,14.506282704234874
4.591,6.846149859921694,-2.255149859921694,2.255149859921694,49.121103461592114
4.109,4.714150825545031,-0.6051508255450306,0.6051508255450306,14.72744768909785
5.049,6.433820094684234,-1.3848200946842333,1.3848200946842333,27.427611302916088
5.565,5.867587252084254,-0.30258725208425385,0.30258725208425385,5.437327081478056
5.639,5.111118190940221,0.527881809059779,0.527881809059779,9.361266342610019
7.35,12.21703935046222,-4.867039350462221,4.867039350462221,66.21822245526832
3.94,4.361449315423975,-0.42144931542397535,0.42144931542397535,10.696683132588207
5.023,5.781421348407202,-0.758421348407202,0.758421348407202,15.098971698331715
5.89,5.859685150161795,0.03031484983820487,0.03031484983820487,0.514683358882935
5.945,5.5945898864411605,0.3504101135588398,0.3504101135588398,5.894198714194109
5.804,6.81859622606174,-1.01459622606174,1.01459622606174,17.480982530353895
3.14,5.107237602336758,-1.9672376023367577,1.9672376023367577,62.650879055310746
13.64,13.837037151459342,-0.19703715145934098,0.19703715145934098,1.4445538963294793
13.64,10.291788021522883,3.348211978477117,3.348211978477117,24.547008639861563
25.0,8.613154385625743,16.38684561437426,16.38684561437426,65.54738245749704
5.848,5.836598815547501,0.011401184452498825,0.011401184452498825,0.19495869446817415
5.066,4.676683081556393,0.3893169184436065,0.3893169184436065,7.684897718981573
5.979,6.3463823145695075,-0.36738231456950743,0.36738231456950743,6.144544481844914
5.817,7.128085793383674,-1.3110857933836737,1.3110857933836737,22.538865280792052
10.89,14.888927171277121,-3.9989271712771206,3.9989271712771206,36.72109431843086
19.7,8.286929002399702,11.413070997600297,11.413070997600297,57.9343705461944
7.26,8.358098882783999,-1.098098882783999,1.098098882783999,15.12532896396693
5.535,20.375507517092853,-14.840507517092853,14.840507517092853,268.1211836873144
1.968,5.4670703294156695,-3.4990703294156695,3.4990703294156695,177.79828909632468
7.0,7.029225912259428,-0.029225912259428277,0.029225912259428277,0.41751303227754677
5.042,4.991478046568744,0.05052195343125554,0.05052195343125554,1.0020220831268454
5.632,6.242446359984292,-0.6104463599842926,0.6104463599842926,10.838891334948379
5.745,5.501641930451365,0.24335806954863504,0.24335806954863504,4.235997729306093
5.89,5.63740346217598,0.2525965378240196,0.2525965378240196,4.288566007198975
2.025,3.920109455435169,-1.8951094554351693,1.8951094554351693,93.58565212025528
4.539,4.799821508242378,-0.26082150824237793,0.26082150824237793,5.746232831953689
5.059,4.604579370477608,0.45442062952239226,0.45442062952239226,8.9824200340461
5.495,5.35946700965849,0.13553299034150967,0.13553299034150967,2.466478441155772
7.71,11.366720263475155,-3.6567202634751554,3.6567202634751554,47.42827838489177
5.362,5.474675784128931,-0.11267578412893098,0.11267578412893098,2.101376056115833
5.9,7.374323351309094,-1.4743233513090939,1.4743233513090939,24.988531378120232
1.335,3.5933655422449027,-2.2583655422449027,2.2583655422449027,169.16595822059196
11.79,8.260548615718948,3.5294513842810513,3.5294513842810513,29.935974421382966
5.36,16.981417727768658,-11.621417727768659,11.621417727768659,216.81749492105706
5.773,6.580448567541419,-0.8074485675414191,0.8074485675414191,13.986637234391463
6.8,11.953475717714543,-5.153475717714543,5.153475717714543,75.78640761344917
12.97,10.403926355571771,2.5660736444282293,2.5660736444282293,19.78468499944664
4.75,8.517918431082807,-3.7679184310828067,3.7679184310828067,79.32459854911173
4.975,4.6857571984594815,0.2892428015405182,0.2892428015405182,5.813925659105894
5.004,5.3274558043671485,-0.32345580436714894,0.32345580436714894,6.463944931397861
9.53,11.621931842408156,-2.0919318424081563,2.0919318424081563,21.951016184765546
10.89,10.750226179128616,0.139773820871385,0.139773820871385,1.283506160435124
4.156,5.983724716118566,-1.8277247161185661,1.8277247161185661,43.97797680747272
2.455,5.039890252763491,-2.5848902527634907,2.5848902527634907,105.29084532641511
6.08,7.7738530055550505,-1.6938530055550505,1.6938530055550505,27.859424433471226
5.0,6.225171806026892,-1.225171806026892,1.225171806026892,24.503436120537838
5.67,18.247025358177012,-12.577025358177012,12.577025358177012,221.81702571740766
5.027,4.811826419509078,0.21517358049092206,0.21517358049092206,4.2803576783553225
5.848,6.514745018485034,-0.6667450184850345,0.6667450184850345,11.401248606105243
6.0,5.022183733795622,0.9778162662043783,0.9778162662043783,16.296937770072972
18.0,15.302580054501602,2.697419945498398,2.697419945498398,14.985666363879988
5.009,5.450178144150799,-0.4411781441507987,0.4411781441507987,8.807709006803726
5.193,5.935928813788641,-0.742928813788641,0.742928813788641,14.30635112244639
5.91,5.554108655077125,0.3558913449228749,0.3558913449228749,6.0218501678997445
5.059,4.941816916064199,0.11718308393580124,0.11718308393580124,2.3163289965566563
4.916,5.727271819522993,-0.8112718195229922,0.8112718195229922,16.50268143862881
4.554,5.956268481213621,-1.4022684812136204,1.4022684812136204,30.792017593623633
13.0,17.396474771640456,-4.396474771640456,4.396474771640456,33.81903670492659
5.946,7.5690597766386984,-1.6230597766386987,1.6230597766386987,27.296666273775628
7.98,14.647144809067543,-6.667144809067542,6.667144809067542,83.54818056475617
4.04,5.092833367677471,-1.0528333676774713,1.0528333676774713,26.060231873204735
8.62,16.326942992448334,-7.706942992448335,7.706942992448335,89.4076913277069
5.904,5.84019543629982,0.06380456370018006,0.06380456370018006,1.0807006046778467
9.78,10.501100793553483,-0.7211007935534841,0.7211007935534841,7.373218747990635
136.08,6.428637099747634,129.65136290025237,129.65136290025237,95.27583987378921
5.937,5.513953337360747,0.42304666263925306,0.42304666263925306,7.125596473627303
5.0,5.490058203148644,-0.490058203148644,0.490058203148644,9.80116406297288
15.0,22.906607495687748,-7.906607495687748,7.906607495687748,52.71071663791832
5.5,6.464523594079376,-0.9645235940793757,0.9645235940793757,17.536792619625015
5.06,4.863181492018506,0.1968185079814937,0.1968185079814937,3.889693833626358
16.0,11.025269626472191,4.974730373527809,4.974730373527809,31.092064834548804
7.0,5.7072704817953674,1.2927295182046326,1.2927295182046326,18.467564545780466
3.204,5.364757835548909,-2.160757835548909,2.160757835548909,67.43938313198842
3.932,4.410526257211216,-0.4785262572112159,0.4785262572112159,12.170047233245572
6.49,11.144257765513162,-4.654257765513162,4.654257765513162,71.7142953083692
10.88,14.393541073422181,-3.5135410734221804,3.5135410734221804,32.293576042483274
2.537,4.199451217404988,-1.6624512174049881,1.6624512174049881,65.52823087918756
5.981,6.393311286823189,-0.41231128682318907,0.41231128682318907,6.8936847821967735
63.87,35.2273252997507,28.642674700249295,28.642674700249295,44.84527117621621
9.07,10.663949917419375,-1.5939499174193745,1.5939499174193745,17.57386899029079
14.51,12.346203262030706,2.163796737969294,2.163796737969294,14.91245167449548
10.89,6.147351019123363,4.742648980876638,4.742648980876638,43.5504956921638
7.26,18.71291814363124,-11.452918143631239,11.452918143631239,157.75369343844682
15.97,10.633316515828689,5.336683484171312,5.336683484171312,33.41692851704015
4.346,4.334769883804537,0.011230116195463324,0.011230116195463324,0.2584012010000765
4.614,5.646920721049957,-1.0329207210499574,1.0329207210499574,22.38666495556908
5.072,6.0050727462872135,-0.9330727462872135,0.9330727462872135,18.396544682318876
5.908,5.536416992143359,0.3715830078566418,0.3715830078566418,6.289488961689941
4.523,4.277292551400679,0.2457074485993207,0.2457074485993207,5.432399924813635
11.34,8.70981523947744,2.6301847605225603,2.6301847605225603,23.193869140410587
5.862,6.053709986994087,-0.1917099869940868,0.1917099869940868,3.27038531207927
5.915,4.961416051738501,0.9535839482614987,0.9535839482614987,16.121453055984762
7.71,8.432130048601609,-0.7221300486016089,0.7221300486016089,9.366148490293241
10.21,9.152722267193132,1.0572777328068685,1.0572777328068685,10.355315698402237
4.032,4.709849421323744,-0.677849421323744,0.677849421323744,16.81174160029127
5.947,5.240754977873616,0.7062450221263843,0.7062450221263843,11.875651961096088
63.87,35.74934788869268,28.120652111307315,28.120652111307315,44.02795069877457
1.413,4.664542012106708,-3.2515420121067073,3.2515420121067073,230.1162075093211
4.522,4.916937171807724,-0.39493717180772414,0.39493717180772414,8.733683587079259
14.51,13.197217589891435,1.3127824101085643,1.3127824101085643,9.047432185448411
7.21,12.577733900507075,-5.367733900507075,5.367733900507075,74.44845909163766
6.49,11.811297373952698,-5.321297373952698,5.321297373952698,81.992255376775
5.601,6.419601828456786,-0.818601828456786,0.818601828456786,14.615279922456454
11.79,13.444837483882054,-1.654837483882055,1.654837483882055,14.035941339118363
6.026,5.152680047388198,0.8733199526118014,0.8733199526118014,14.492531573378717
11.02,8.393215548037325,2.626784451962674,2.626784451962674,23.836519527791964
1.995,5.518059652755287,-3.523059652755287,3.523059652755287,176.59446880978882
5.966,5.20673525876306,0.7592647412369402,0.7592647412369402,12.726529353619515
5.245,6.6813686511673165,-1.4363686511673164,1.4363686511673164,27.385484292989826
3.595,5.369463573760698,-1.774463573760698,1.774463573760698,49.35920928402497
3.481,4.690778749705545,-1.2097787497055448,1.2097787497055448,34.75377045979732
3.938,4.835780939888102,-0.897780939888102,0.897780939888102,22.797890804675013
5.75,12.100768768120336,-6.350768768120336,6.350768768120336,110.4481524890493
4.563,5.778584518970575,-1.2155845189705756,1.2155845189705756,26.64002890577637
4.589,8.339172693229555,-3.7501726932295547,3.7501726932295547,81.72091290541631
7.0,4.158557018720078,2.841442981279922,2.841442981279922,40.592042589713174
5.932,5.50215975684925,0.42984024315075064,0.42984024315075064,7.246126823175163
4.742,2.636256865521629,2.105743134478371,2.105743134478371,44.40622383969572
12.7,35.80125976395149,-23.101259763951493,23.101259763951493,181.89968318072042
7.0,7.570027970135579,-0.5700279701355786,0.5700279701355786,8.14325671622255
5.487,5.824152558150466,-0.33715255815046596,0.33715255815046596,6.144570041014506
4.71,4.889578556971113,-0.17957855697111302,0.17957855697111302,3.8127082159471977
5.547,5.1690037360108825,0.37799626398911723,0.37799626398911723,6.81442696933689
5.194,5.4444516443778594,-0.2504516443778595,0.2504516443778595,4.8219415552148535
5.103,5.118547244600265,-0.015547244600265131,0.015547244600265131,0.3046687164465046
4.975,6.567703447189072,-1.5927034471890726,1.5927034471890726,32.01413964199141
6.99,11.114165457894948,-4.124165457894948,4.124165457894948,59.00093645057151
4.552,5.65626867110832,-1.1042686711083203,1.1042686711083203,24.25897783629878
5.699,5.42009459788462,0.27890540211538006,0.27890540211538006,4.893935815325146
6.0,5.745202217118143,0.25479778288185706,0.25479778288185706,4.246629714697617
3.5,4.242296871068365,-0.7422968710683646,0.7422968710683646,21.208482030524703
4.919,5.044569007525219,-0.12556900752521916,0.12556900752521916,2.5527344485712375
4.54,15.28962447163787,-10.749624471637869,10.749624471637869,236.77586941933632
14.97,10.591523486550239,4.378476513449762,4.378476513449762,29.24834010320482
2.708,3.041782797867845,-0.3337827978678449,0.3337827978678449,12.325804943421156
5.0,4.242296871068365,0.7577031289316354,0.7577031289316354,15.154062578632708
10.88,12.906437224603785,-2.026437224603784,2.026437224603784,18.625342137902425
5.5,7.366061646127321,-1.8660616461273207,1.8660616461273207,33.92839356595129
16.0,10.930144330791732,5.069855669208268,5.069855669208268,31.686597932551674
4.541,5.203909892008311,-0.6629098920083107,0.6629098920083107,14.598323981684885
5.382,5.816518845400144,-0.4345188454001443,0.4345188454001443,8.073557142328955
4.934,6.3154695972218455,-1.3814695972218454,1.3814695972218454,27.99897846011036
8.0,9.24627600416814,-1.2462760041681396,1.2462760041681396,15.578450052101743
5.786,6.420513151030989,-0.6345131510309896,0.6345131510309896,10.966352420169196
6.75,12.328737013321138,-5.578737013321138,5.578737013321138,82.64795575290576
5.692,5.349137692396772,0.34286230760322844,0.34286230760322844,6.023582354238026
15.0,9.37598338238883,5.62401661761117,5.62401661761117,37.493444117407805
5.44,17.58008770091681,-12.140087700916808,12.140087700916808,223.1633768550884
6.26,13.24448300083475,-6.98448300083475,6.98448300083475,111.57321087595449
4.54,7.48288684192585,-2.9428868419258496,2.9428868419258496,64.82129607766188
5.021,4.891757133730177,0.12924286626982262,0.12924286626982262,2.574046330807063
6.95,6.12480026596326,0.8251997340367403,0.8251997340367403,11.873377468154537
5.58,10.546223417845624,-4.966223417845624,4.966223417845624,89.00041967465276
5.679,6.62597772210738,-0.9469777221073796,0.9469777221073796,16.675078748148962
11.2,11.184814034413204,0.015185965586795191,0.015185965586795191,0.13558897845352852
5.017,5.762088929692479,-0.7450889296924785,0.7450889296924785,14.85128422747615
4.879,5.122169186407189,-0.2431691864071892,0.2431691864071892,4.983996442041181
5.726,12.742867743504862,-7.016867743504862,7.016867743504862,122.54397037207234
4.13,6.029372345544978,-1.899372345544978,1.899372345544978,45.98964517058059
11.79,18.57575671515505,-6.785756715155049,6.785756715155049,57.55518842370695
4.5,5.51265274619713,-1.01265274619713,1.01265274619713,22.50339435993622
5.641,9.718367857433835,-4.077367857433835,4.077367857433835,72.2809405678751
3.222,4.979244170414244,-1.757244170414244,1.757244170414244,54.53892521459479
4.934,4.752245876033757,0.18175412396624324,0.18175412396624324,3.6837074172323314
5.901,5.099798046998552,0.8012019530014474,0.8012019530014474,13.577392865640526
5.598,7.4003113572336074,-1.8023113572336076,1.8023113572336076,32.19562981839242
4.803,5.550746022216743,-0.7477460222167434,0.7477460222167434,15.56831193455639
1.624,4.462794508435034,-2.838794508435034,2.838794508435034,174.80261751447253
4.507,11.605398065307872,-7.098398065307872,7.098398065307872,157.49718361011477
6.99,10.221034232277773,-3.231034232277773,3.231034232277773,46.22366569782222
5.44,10.233214873597221,-4.793214873597221,4.793214873597221,88.11056752936068
5.694,5.016939594597159,0.6770604054028411,0.6770604054028411,11.890769325655796
5.583,6.389726513670308,-0.8067265136703075,0.8067265136703075,14.449695749065153
6.49,11.812522080515873,-5.322522080515872,5.322522080515872,82.01112604801037
136.08,13.138151938300755,122.94184806169926,122.94184806169926,90.34527341394713
44.0,14.140885169411773,29.859114830588226,29.859114830588226,67.86162461497324
4.988,4.834505894914645,0.15349410508535577,0.15349410508535577,3.0772675438122645
4.909,4.65494631180527,0.2540536881947295,0.2540536881947295,5.175263560699318
5.99,11.247253294736032,-5.2572532947360315,5.2572532947360315,87.7671668570289
16.78,12.649080410997806,4.130919589002195,4.130919589002195,24.618114356389718
8.0,6.420176739555952,1.5798232604440479,1.5798232604440479,19.747790755550596
4.472,6.9035688964569575,-2.431568896456957,2.431568896456957,54.37318641451155
7.0,8.252809246071028,-1.2528092460710276,1.2528092460710276,17.897274943871825
14.97,8.470269607454803,6.499730392545198,6.499730392545198,43.4183726956927
10.48,16.578761413578214,-6.098761413578213,6.098761413578213,58.19428829750203
4.54,6.244240604804407,-1.704240604804407,1.704240604804407,37.538339312872395
5.0,6.74788864071149,-1.7478886407114897,1.7478886407114897,34.95777281422979
5.112,5.06433896999767,0.04766103000233013,0.04766103000233013,0.9323362676512154
17.69,9.655029427644525,8.034970572355476,8.034970572355476,45.42097553620958
2.0,3.923944353031414,-1.923944353031414,1.923944353031414,96.1972176515707
4.0,5.2809672617437915,-1.2809672617437915,1.2809672617437915,32.024181543594786
5.861,7.927398749194499,-2.066398749194499,2.066398749194499,35.25676077793037
5.929,10.524667983112627,-4.595667983112627,4.595667983112627,77.51168802686163
7.0,6.0297211344849675,0.9702788655150325,0.9702788655150325,13.86112665021475
113.4,9.694023148954605,103.7059768510454,103.7059768510454,91.45147870462557
8.0,8.652875166296484,-0.652875166296484,0.652875166296484,8.16093957870605
4.6,5.068195930457619,-0.4681959304576191,0.4681959304576191,10.17817240125259
10.25,12.709169496472255,-2.4591694964722546,2.4591694964722546,23.99189752655858
5.354,5.505433939596982,-0.15143393959698148,0.15143393959698148,2.828426215856957
5.076,4.6490146975377025,0.42698530246229716,0.42698530246229716,8.41184599019498
5.75,10.673274540074438,-4.923274540074438,4.923274540074438,85.62216591433804
14.97,13.862761591434145,1.1072384085658555,1.1072384085658555,7.396382154748533
8.62,10.312867792099649,-1.6928677920996495,1.6928677920996495,19.638837495355567
7.5,5.420429206153518,2.0795707938464822,2.0795707938464822,27.72761058461976
3.5,4.242296871068365,-0.7422968710683646,0.7422968710683646,21.208482030524703
4.795,13.860661105061384,-9.065661105061384,9.065661105061384,189.06488227448142
5.924,6.6524326902046145,-0.7284326902046141,0.7284326902046141,12.296297944034674
4.587,5.347440614884678,-0.7604406148846783,0.7604406148846783,16.578169062234103
5.618,15.09803395975975,-9.48003395975975,9.48003395975975,168.7439295080055
7.71,14.108293108094367,-6.398293108094367,6.398293108094367,82.98694044220969
5.89,4.989833433278759,0.9001665667212411,0.9001665667212411,15.282963781345348
17.69,11.774808549657656,5.915191450342345,5.915191450342345,33.4380522913643
15.0,10.493408796353599,4.506591203646401,4.506591203646401,30.043941357642673
7.38,19.022699262592816,-11.642699262592817,11.642699262592817,157.76015260965877
5.83,5.973789797073123,-0.143789797073123,0.143789797073123,2.466377308286844
4.996,5.325939918429898,-0.3299399184298979,0.3299399184298979,6.604081633905082
3.949,4.754890394308891,-0.8058903943088911,0.8058903943088911,20.407454907796684
4.362,5.5605394536102235,-1.1985394536102234,1.1985394536102234,27.476832957593384
5.0,5.545477876175185,-0.5454778761751848,0.5454778761751848,10.909557523503697
1.008,2.488923462234861,-1.4809234622348608,1.4809234622348608,146.9170101423473
5.916,5.337941893297779,0.5780581067022217,0.5780581067022217,9.771097138306654
32.93,13.725606511010197,19.2043934889898,19.2043934889898,58.31883841175159
226.8,9.608633606614548,217.19136639338547,217.19136639338547,95.76338906233927
4.5,10.495490433473492,-5.995490433473492,5.995490433473492,133.23312074385538
6.082,6.171751245139606,-0.08975124513960608,0.08975124513960608,1.4756863719106557
11.52,6.236520425323862,5.283479574676138,5.283479574676138,45.86353797461925
1.965,3.353379252920512,-1.388379252920512,1.388379252920512,70.6554327186011
5.065,4.852904912285653,0.21209508771434749,0.21209508771434749,4.187464713017719
9.3,11.914928329406745,-2.6149283294067445,2.6149283294067445,28.11750891835209
9.3,12.044998166773563,-2.744998166773563,2.744998166773563,29.516109320145834
7.0,5.298550921637628,1.701449078362372,1.701449078362372,24.306415405176743
3.008,4.600290685356567,-1.5922906853565673,1.5922906853565673,52.93519565680077
4.883,5.2451248575541465,-0.3621248575541465,0.3621248575541465,7.416032307068328
